Yachtski Score,Artist,Title
100.0,Doobie Brothers,What a Fool Believes
99.625,Kenny Loggins,Heart to Heart
98.5,Michael McDonald,I Keep Forgettin' (Every Time You're Near)
98.25,Kenny Loggins,This Is It
96.75,Airplay,Nothin' You Can Do About It
96.125,Kenny Loggins,"Who's Right, Who's Wrong"
95.75,Toto,Rosanna
95.5,Michael Jackson,Human Nature
95.0,Al Jarreau,Girls Know How
94.5,Boz Scaggs,Lowdown
94.5,Christopher Cross,Sailing
94.5,Maxus,Nobody's Business
94.25,George Benson,Turn Your Love Around
94.0,Robbie Dupree,Steal Away
93.75,Christopher Cross,Ride Like the Wind
93.75,Steely Dan,FM (No Static at All)
93.5,Al Jarreau,Never Givin' Up
93.5,Christopher Cross,All Right
93.5,Marc Jordan,Margarita
93.0,Toto,Africa
92.75,Al Jarreau,Mornin'
92.5,Roby Duke,Seasons of Change
92.5,Tom Scott,Sure Enough
92.0,Bill LaBounty,Livin’ It Up
92.0,Marc Jordan,Love Like A Wheel
92.0,Steely Dan,Peg
92.0,Toto,Make Believe
91.5,Doobie Brothers,Minute By Minute
91.5,James Ingram,Try Your Love Again
91.5,Pages,"Who’s Right, Who’s Wrong"
91.25,Bill Champlin,Runaway
91.25,Brenda Russell,I Want Love To Find Me
91.25,Nielsen/Pearson,If You Should Sail
91.0,Christopher Cross,Never Be The Same
91.0,Kerry Chater,Ain't Nothin' For a Heartache
91.0,Larsen-Feiten Band,Who'll Be the Fool Tonight
91.0,Pablo Cruise,Love Will Find A Way
91.0,Patti Austin & James Ingram,"Baby, Come to Me"
91.0,Steely Dan,Deacon Blues
90.75,Steely Dan,Black Cow
90.75,Steely Dan,Kid Charlemagne
90.75,Waters,If There's a Way
90.5,Diana Ross,That's How You Start Over
90.5,Homi & Jarvis,I'm In Love Again
90.5,Michael McDonald,Playin’ By The Rules
90.5,Paul Anka,Take Me In Your Arms
90.25,Al Jarreau,Closer To Your Love
90.25,Seawind,"Love Him, Love Her"
90.125,Roby Duke,Can't Stop Runnin'
90.0,Bill LaBounty,Dream On
90.0,Pages,You Need a Hero
90.0,Quincy Jones w/ Patti Austin,Something Special
89.75,Al Jarreau,Trouble In Paradise
89.75,Dwayne Ford,Lovin' and Losin' You
89.75,Finis Henderson,Blame It On The Night
89.5,Christopher Cross,I Really Don't Know Anymore
89.25,Al Jarreau,I Will Be There For You (Nitakungodea Milele)
89.25,Al Jarreau,My Old Friend
89.25,Pages,Tell Me
89.25,Steely Dan,Time Out Of Mind
89.25,Stevie Woods,Just Can't Win 'Em All (Old Score)
89.0,Bill Labounty,Comin’ Back
89.0,Boz Scaggs,Lowdown (Old Score)
89.0,Brothers Johnson,In the Way
89.0,Michael Jackson,Baby Be Mine
89.0,Pablo Cruise,You're Out to Lose
89.0,Steely Dan,Babylon Sisters
88.75,Bill Champlin,I Don't Want You Anymore
88.75,Larry Lee,Don't Talk
88.75,Michael McDonald,If That's What It Takes
88.75,Roby Duke,I’m Persuaded
88.5,Dave Raynor,I Can't Take It
88.5,David Roberts,Never Gonna Let You Go
88.5,Ray Parker Jr.,Christmas Time Is Here
88.25,"Earth, Wind & Fire",After the Love Has Gone
88.25,Jim Photoglo,Fool In Love With You
88.25,Johnny Mathis,The Best Is Yet To Come
88.25,Lauren Wood w/ Michael McDonald,Please Don't Leave
88.25,Michael McDonald,I Gotta Try
88.25,Robbie Dupree,Brooklyn Girls
88.25,Yoshino Fujimal,Bacardi
88.0,Bill LaBounty,When The Magic Works
88.0,Player,Some Things Are Better Left Unsaid
87.875,David Roberts,Boys of Autumn
87.85,Amy Holland,How Do I Survive
87.75,Alessi,Jagged Edge
87.75,Bill LaBounty,Livin' It Up (Old Score)
87.75,Bill LaBounty,Trail To Your Heart (Sailing Without a Sail)
87.75,David Roberts,Anywhere You Run To
87.75,George Duke,You
87.75,Pointer Sisters,He's So Shy
87.5,Bobby Martin,Show Me The Light
87.5,John Martyn,Livin' Alone
87.5,Sanford-Townsend Band,Oriental Gate (No Chance Changin' My Mind)
87.0,George Benson & Michael McDonald,What’s On Your Mind
87.0,Michael Ruff,Once in a Lifetime
87.0,Pointer Sisters,Heart Beat
86.75,Cooper & Ross,You’re The One
86.75,Greg Guidry,(That’s) How Long
86.75,Michael McDonald,Believe In It
86.75,Steely Dan,Josie
86.5,Cheryl Ladd,Victim Of The Circumstance
86.5,Greg Guidry,Darlin' It's You
86.5,Nielsen/Pearson,Hasty Heart
86.5,Randy Goodrum,We’re So Close
86.25,June Pointer,Always
86.25,Thelma Houston,Handsome Dudes
86.0,Bill LaBounty,Look Who's Lonely Now
85.75,Bill Withers,Oh Yeah!
85.75,Bobby Caldwell,What You Won’t Do For Love
85.75,Kapono,Let’s Go Now
85.75,Marc Jordan,Margarita (Old Score)
85.75,Quincy Jones,Betcha Wouldn’t Hurt Me
85.5,Alan Sorrenti,Per Sepre Tu
85.5,Brothers Johnson,Closer to the One That You Love
85.5,Michael McDonald,Love Lies
85.5,Nielsen/Pearson,Got Me Where You Want Me
85.5,Orleans,I Found Someone
85.5,Steely Dan,Hey Nineteen
85.5,The Brecker Brothers,Not Tonight
85.25,Average White Band,Shine
85.25,Eric Tagg,No One There
85.25,Finis Henderson,Making Love
85.25,Michael McDonald,That's Why
85.25,Randy Goodrum,Fool's Paradise
85.25,Seawind,Long Long Time
85.25,Stevie Woods,Just Can't Win 'Em All
85.0,Dane Donohue,Can't Be Seen
85.0,Robbie Dupree,Steal Away (Old Score)
85.0,Roger Voudouris,Get Used To It
85.0,Roger Voudouris,She's Too Cold
84.75,Joe Chemay Band,You Saw Me Coming
84.75,Patti Austin,The Way I Feel
84.75,Sneaker,Jaymes
84.75,Tavares,I Don't Want You Anymore
84.5,George Duke,I Will Always Be Your Friend
84.5,Robbie Dupree,Saturday Night
84.25,Marc Jordan,Generalities
84.25,Paul Anka,Second Chance
84.25,Peter Allen,Bi-Coastal
84.25,Roby Duke,Not The Same
84.25,Seawind,The Two Of Us
84.0,Brenda Russell,Hello People
84.0,England Dan & John Ford Coley,In It For Love
84.0,Exile,You're Good For Me
84.0,Greg Guidry,(I’m) Givin’ It Up
84.0,Marc Jordan,Release Yourself
84.0,Mark J & Freeway,Comin’ From The Heart
84.0,Michael Johnson,We Can Live On Love (Baby You’re Just Like Me)
83.75,Ambrosia,Living On My Own
83.75,Doobie Brothers,Real Love
83.75,George Benson,Give Me the Night
83.75,Lee Ritenour,Mr. Briefcase
83.75,Nicolette Larson,When You Come Around
83.75,The Dukes (Bugatti & Musker),So Much In Love
83.5,Bill Withers,Something That Turns You On
83.5,Byrne & Barnes,Keep On Running
83.5,Marc Hunter,Thrill Has Gone
83.5,Rick Riso,Gotta Have The Real Thing
83.5,Robbie Dupree,Hot Rod Hearts
83.25,Bob & Pauline Wilson,Somebody Loves You
83.25,Kenny Loggins,I Gotta Try
83.25,Marc Jordan,I'm a Camera
83.25,Martie Echito,Cryin' In the Night
83.25,Pages,O.C.O.E. (Official Cat of the Eighties)
83.25,Ray Parker Jr.,It's Our Own Affair
83.25,The Jacksons,Give It Up
83.125,Commodores,Welcome Home
83.0,Diane Tell,"Souvent, Longtemps, Énormément"
83.0,George Duke,Give Me Your Love
83.0,Jakob Magnusson,From Now On
83.0,Karizma,I've Been Played The Fool Again
83.0,Steve Kipner,The Ending
82.75,Al Jarreau,Step by Step
82.75,George Duke,Straight From The Heart
82.75,Marc Jordan,Slipping Away
82.75,Ray Parker Jr.,A Woman Needs Love (Just Like You Do)
82.75,Roby Duke,All Lost
82.75,Young Gun Silver Fox,Burning Daylight
82.625,Sergio Mendes w/ Joe Pizzulo,Alibis
82.5,Frank Stallone,Waking Up
82.5,Jim Schmidt,Love Has Taken It All Away
82.5,Nicolette Larson & Michael McDonald,"Let Me Go, Love"
82.25,"Andrus, Blackwood and Company",The Other Side
82.25,Cynthia Rhodes,Finding Out The Hard Way
82.25,Michael Franks,Comin’ Home To You
82.25,Michael Jackson,Carousel
82.25,Peter Allen,One Step Over the Borderline
82.0,Alan Sorrenti,Beside You
82.0,Christopher Cross,Baby Says No
82.0,Diane Tell,Tes Yeux
82.0,Henrik Hansson,Right From Wrong
82.0,Kristle Murden,I Can’t Let Go
82.0,Young Gun Silver Fox,Born To Dream
81.75,Andraé Crouch,Lookin' For You
81.75,Michael McDonald,No Such Luck
81.75,Patti Austin,All Behind Us Now
81.75,Patti Austin,Do You Love Me
81.75,Positive Force ft. Denise Vallin,You Told Me You Loved Me
81.75,Randy Crawford,You Might Need Somebody
81.75,The Boys Band,Think About It
81.75,The Doobie Brothers,Dedicate This Heart
81.5,Chaka Khan,Through the Fire
81.5,Dane Donohue,Woman
81.5,George Duke,Movin' On
81.5,John O'Banion,Love You Like I Never Loved Before
81.5,Kettner & Shawe,Take This Heart
81.5,Marc Jordan,Beautiful People
81.5,Mariya Takeuchi,Secret Love
81.25,Al Jarreau,Breakin' Away
81.25,Bill Champlin,What Good Is Love
81.25,Bobby Caldwell,Coming Down From Love
81.25,Byrne & Barnes,Love You Out of Your Mind
81.25,George Benson,Lady Love Me (One More Time)
81.25,Jeffrey Osborne,Eenie Meenie
81.25,Kelly Willard,Blame It On The One
81.25,Rude Jude,Just A Little Fun
81.25,Steve Kipner,The Beginning
81.0,Al Jarreau,Boogie Down
81.0,Amy Holland,Show Me the Way Home
81.0,Doobie Brothers,Takin' It to the Streets
81.0,Jimmy Hall,I'm Happy That Love Has Found You
81.0,The Doobie Brothers,Dependin' On You
80.75,Al Jarreau,Distracted
80.75,Al Jarreau,We're In This Love Together
80.75,Bobby Caldwell,Never Give Up
80.75,Lionel Richie,Running With the Night
80.75,Makoto Matsushita,One Hot Love
80.5,Craig Ruhnke,Give Me The Nighttime
80.5,Olav Stedje,Valentino
80.5,Steely Dan,Glamour Profession
80.4375,Sheena Easton,So Much In Love
80.25,Karen Blake,Anything At All
80.25,Maxus,Your Imagination
80.25,Patti Austin,Every Home Should Have One
80.25,Paul Clark,Drawn To The Light
80.0,Bobby Caldwell,Open Your Eyes
80.0,Byrne & Barnes,That's The Way She Goes
80.0,Lava,Give It Up
80.0,Marc Jordan,Marina Del Rey
80.0,Yuki Okazaki,Cafe B.H.
79.75,Dionne Warwick,With A Touch
79.5,Dave Raynor,Leave Me Alone Tonight
79.5,David Roberts,Wrong Side of the Tracks
79.5,Doobie Brothers,Nothin' But a Heartache
79.5,Doobie Brothers,You're Made That Way
79.5,Jaye P. Morgan,Keepin’ It To Myself
79.5,State Cows,Mr. White
79.5,The Imperials,Living Without Your Love
79.25,England Dan & John Ford Coley,Caught Up in the Middle
79.25,Holly Near,Back Off
79.25,Janis Siegel,Lovin' Eyes
79.25,Kasper Winding,Daisie
79.25,Manhattan Transfer,Nothin’ You Can Do About It
79.25,Michael Stosic,Backstreet Dancer
79.25,Seals & Crofts,If And Any Day
79.0,Christopher Cross,The Light Is On
79.0,David Diggs,Holding On To Love
79.0,Johnny Mathis,Right Here Right Now
79.0,Larsen-Feiten Band,Phantom of the Footlights
78.75,Brenda Russell,Jarreau
78.75,Doobie Brothers,Here To Love You
78.75,Doobie Brothers,It Keeps You Runnin'
78.75,John Miles,Song For You
78.75,Maxus,Keep a Light On
78.75,Pages,Come On Home
78.75,Steve Marrs,Somebody Somewhere
78.75,Toto,Waiting For Your Love
78.5,Raydio,You Can't Change That
78.5,Richard Simmons,Live It
78.25,Airplay,After The Love Is Gone
78.25,David Diggs,Playing The Fool
78.25,George Duke,Sunrise
78.25,James Ingram & Michael McDonald,Yah Mo B There
78.0,Herbie Hancock,Paradise
78.0,Howard Johnson,Keepin' Love New
78.0,Larry Carlton,Ain't Nothin' For a Heartache
78.0,Melissa Manchester,Your Place or Mine
78.0,Steve Cropper,Fly
78.0,Toshiki Kadomatsu,City Nights
77.75,Booker T. Jones,I'll Put Some Love (Back in Your Life)
77.75,Chris Christian,What Can There Be
77.75,Johnny Mathis,Love Never Felt So Good
77.75,Lee Ritenour,Is It You?
77.75,Steely Dan,Don't Take Me Alive
77.5,Al Jarreau,Roof Garden
77.5,Bobby Caldwell,Can't Say Goodbye
77.5,George Benson,Breezin'
77.5,Heat,Don't You Walk Away
77.5,Nielsen/Pearson,I Hear You Breathing
77.5,Toto,Mama
77.25,Bill Champlin,Gotta Get Back to Love
77.25,Byrne & Barnes,Never Gonna Stop Lovin’ You
77.25,Farrell and Farrell,You’re the Heart of Me
77.25,Ronnie Laws,In The Groove
77.0,Christopher Cross,No Time For Talk
77.0,Michael McDonald,Sweet Freedom
77.0,Michael Sembello,First Time
77.0,Paul Anka,Walk A Fine Line
76.75,Billy Ocean,Everlasting Love
76.75,Kevin Moore,Holding On To You
76.75,Lauren Wood,In The Dark
76.75,Lee Ritenour,Keep It Alive
76.75,Lee Ritenour,"Promises, Promises"
76.75,Nielsen/Pearson,Don't Forget
76.75,Peter Allen,Pass This Time
76.75,Rick Bowles,Your Loss
76.75,Sanford-Townsend Band,Smoke From a Distant Fire
76.75,Steely Dan,I Got the News
76.5,Al Jarreau,Christmas Morning
76.5,Ben Mendoza,Gotta Keep Loving You
76.5,Bill Champlin,One Way Ticket
76.5,Brenda Russell,It's Something!
76.5,Young Gun Silver Fox,Moonshine
76.25,Greg Guidry,Goin' Down
76.25,Jay Graydon & Marc Jordan,Secret Love
76.25,Robbie Dupree,I'm No Stranger
76.0,B. B. & Q. Band,(I Could Never Say) It's Over
76.0,Doobie Brothers,Open Your Eyes
76.0,Fan Fiction,Mister Minit
76.0,Maureen McDonald,Twice Upon A Time
76.0,Maxus,The Higher You Rise
76.0,Robbie Nevil,Set the World
76.0,Roger Voudouris,Let Her Get Away
76.0,Steve Kipner,I’ve Got To Stop This Hurting You
75.75,Brenda Russell,Lucky
75.75,Bridge,Little Darlin'
75.75,Chaka Khan,Any Old Sunday
75.75,Christopher Cross,Deal 'Em Again
75.75,Marc Jordan,Lost In The Hurrah
75.75,Michael Jackson w/ Paul McCartney,The Girl Is Mine
75.75,Robert Byrne,I Did It All For Love
75.5,Brooklyn Dreams,I Won't Let Go
75.5,Con Funk Shun,Don't Let Your Love Grow Cold
75.5,Greg Guidry,Heart To Heart
75.5,Jeffrey Osborne,I Really Don't Need No Light
75.5,JoAnn & Monte,Give It Up
75.5,Johnny Mathis,Touch by Touch
75.25,213,Three Little Words
75.25,Barry Manilow,Let's Get On With It
75.25,Boz Scaggs,Simone
75.25,Brenda Russell,New York Bars
75.25,Chris Christian w/ Christopher Cross,Don't Give Up On Us
75.25,Dara Sedaka,Huggin'
75.25,Donald Fagen,Green Flower Street
75.25,Donn Thomas,You’re The One
75.25,Farrell & Farrell,All You Need
75.25,Homi & Jarvis,Love’s Taking Over
75.25,Lauren Wood,Breakin’ Too Many Hearts
75.25,State Cows,Emily
75.25,Steely Dan,Second Arrangement
75.0,Andreas Aleman,If It’s A Dream
75.0,Ayers Rock,City Nite Life
75.0,Diana Ross,Let's Go Up
75.0,Dolly Parton,Same Old Fool
75.0,Doobie Brothers,One Step Closer
75.0,Finis Henderson,Lovers
75.0,Jeffrey Osborne,New Love
75.0,Ray Parker Jr.,Pryor's Place Theme
75.0,Robert Kraft,What Price Glory
75.0,Steely Dan,Don't Take Me Alive
75.0,Tim Weisberg,Don't Keep Me Waiting Girl
74.75,Al Jarreau,Love Is Waiting
74.75,Bill LaBounty,Sleep On It
74.75,Gary Taylor,Just Gets Better With Time
74.75,Leslie Smith,Nothin' You Can Do About It
74.5,Bobby Martin,Don’t Give Up
74.5,Diane Tell,Mon Ami-e
74.5,Ned Doheny,Back To The World
74.5,Steve Archer,Treasure
74.25,Attitudes,Change
74.25,Bobby King,Heart To Heart
74.25,Chaka Khan,So Not To Worry
74.25,China,Runnin' Around
74.25,Robert Kraft,Just Another Notch on the Bedpost
74.25,Steve Kipner,School Of Broken Hearts
74.0,James Sayer,Still Not Being Over You
74.0,Kenny Loggins,What A Fool Believes
74.0,Lionel Richie,Love Will Find A Way
74.0,Pablo Cruise,Paradise (Let Me Take You Into)
73.75,Dane Donahue,Sunrise on the Water
73.75,Frankie Bleu,Who's Foolin' Who
73.75,Greg Phillinganes,Lazy Nina
73.75,Jolis & Simone,Midnight Lady
73.75,Michael Gonzales,Let It Go
73.75,Phillip Sandifer,New Life
73.75,The Gap Band,The Way
73.5,Bobby Caldwell,What You Won't Do For Love (Old Score)
73.5,John Miles,Close Eyes Count To Ten
73.5,Joseph Williams,That First Night
73.5,Lee Ritenour,Cross My Heart
73.5,Mackey Feary & Nite Life,Stop Running From Love
73.5,Toto,99*
73.25,Donald Fagen,The Nightfly
73.25,Doobie Brothers,You Belong to Me
73.25,Joe English,Midnight Angel Choir
73.25,Leon Ware,Slippin' Away
73.0,Bernie LaBarge,Dream Away
73.0,Jim Schmidt,Serious
73.0,Lava,Take Your Time
73.0,"Leslie, Kelly & John Ford Coley",Go For The Heart
72.75,Steely Dan,Home At Last
72.5,Ambrosia,Biggest Part of Me
72.5,Brenda Russell,Sensitive Man
72.5,Finis Henderson,You Owe It All To Love
72.5,Masaki Matsubara,Silly Crush
72.5,Night Flight Orchestra,Curves
72.5,Randy Goodrum,One Step Ahead of the Bad News
72.5,Steve Marrs,Why Did I Wait So Long
72.5,Terence Boylan,Shame
72.5,Wilson Brothers,Feeling Like We’re Strangers Again
72.25,Far Cry,The Hits Just Keep On Coming
72.25,Max Gronenthal,Lookin’ For A Girl
72.25,Ned Doheny,Get It Up For Love
72.0,Byrne & Barnes,Right Through the Heart
72.0,Carly Simon,You Belong to Me
72.0,Dan Peek,Divine Lady
72.0,James Felix,Open Up
72.0,Rapallo,The Akalite
71.75,"Grover Washington, Jr. w/ Bill Withers",Just the Two Of Us
71.75,Kenny Loggins w/Stevie Nicks,Whenever I Call You Friend
71.75,Leo Sayer,It's Your Move
71.75,Timothy B. Schmit,Tell Me What You Dream
71.75,v6,Den Sidste Dag (The Last Day)
71.5,Benny Hester,Come Back
71.5,Rite On Time,You Think I Go Waiting
71.5,Toto,Georgy Porgy
71.25,Boz Scaggs,Jojo
71.25,Dan Seals,Love Me Like The Last Time
71.25,Johnny Mathis & Deniece Williams,So Deep In Love
71.25,Marlene with Seawind,Let Yourself Go
71.25,Michael Jackson,It's the Falling in Love
71.25,Quincy Jones w/ James Ingram,One Hundred Ways
71.25,Robbie Dupree,Love Is a Mystery
71.0,Airplay,Bix
71.0,Ruiko Kurahashi,24-Dec
70.75,Atlanta Rhythm Section,Going to Shangri-La
70.75,DeBarge,Time Will Reveal
70.75,Dusty Springfield,Closet Man
70.75,Eric Carmen,Change of Heart
70.75,Michael Jackson,Lady In My Life
70.75,Michael Johnson,Right Through the Heart
70.75,Russ Taff,Walls of Glass
70.75,Tycoon,One More Try
70.5,Dane Donohue,Tracey
70.5,Pointer Sisters,I Need You
70.5,Vapour Trails,Night People
70.25,Byrne and Barnes,Eye for an Eye
70.25,Dan Seals,You Could've Been The One
70.25,DeBarge,It’s Getting Stronger
70.25,George Duke,Say That You Will
70.25,Nielsen/Pearson,Don't Let Me Go
70.25,Pages,Only a Dreamer
70.0,Al Jarreau,Gimme What You Got
70.0,Christopher Cross,Mary Ann
70.0,Dave Grusin,Haunting Me
70.0,George Benson,Never Too Far To Fall
70.0,GLAD,Two Are Better Than One
70.0,Ian Thomas,I Am the One
70.0,James Ward,Take Hold
70.0,Jeff Saxon,Makin' It Up
70.0,Joe Chemay Band,Never Gonna Let You Go
70.0,Kenny Rogers,Heart To Heart
70.0,Maxus,Don't Try To Stop Me Now
70.0,Valerie Carter,Crazy
69.75,Carrera,One More Love
69.75,"George Duke, Stanley Clarke",Touch And Go
69.75,Michael Miglio,Never Gonna Let You Go
69.75,Paulinho Da Costa,Seeing Is Believing
69.75,Paulinho Da Costa,Seeing Is Believing
69.75,Ray Parker Jr.,Bad Boy
69.75,Wilson Bros.,Take Me To Your Heaven
69.5,Atlanta Rhythm Section,So Into You
69.5,Deniece Williams,When Love Comes Calling
69.5,Larry Carlton,Room 335
69.5,Michael Martin Murphey,Nothing Is Your Own
69.5,Patsy Gallant,It’ll All Come Around
69.5,Pure Prairie League,I Can't Stop This Feelin'
69.5,Rasa,Questions On My Mind
69.25,Billy Griffin,Hold Me Tighter In The Rain
69.25,Pointer Sisters,Nothin' But a Heartache
69.25,Stimela,I Wanna Know
69.0,Ambrosia,You're the Only Woman
69.0,Amy Holland,Rollin’ By
69.0,Bill Wolfer,Call Me
69.0,Bobby Caldwell,Fraulein
69.0,Future Flight,You Should've Been There
69.0,Jennifer Madsen,When You Love Somebody
69.0,Marty McCall & Fireworks,Givin’ It Up
69.0,Pablo Cruise,Whatcha Gonna Do?
69.0,Young Gun Silver Fox,Rolling Back
68.75,Chaka Khan,What Cha' Gonna Do For Me
68.75,Charlie Dore,You Should Hear (How She Talks About You)
68.75,Christian Gratz,Man in the Middle
68.75,Deniece Williams,Heaven In Your Eyes
68.75,Michael Gonzales,Come Home
68.75,Tim Feehan,Sadie J
68.5,David Sanborn,Back Again
68.5,Exile,It Takes Love to Make Love
68.5,Randy Crawford,Look Who’s Lonely Now
68.25,Alan Thicke,Thicke of the Night
68.25,Brown Bannister,Lay It All Down
68.25,Carrera,Lucky One (New York Boy)
68.25,Dan Seals,Not Every Heart Succeeds
68.25,Earth Kenan,"Good Luck, Babe!"
68.25,Page 99,Did You Mean That
68.25,Rita Lee,Lança Perfume
68.25,Robbie Dupree,Are You Ready For Love?
68.25,Sneaker,No More Lonely Days
68.25,Steely Dan,Doctor Wu
68.0,Angela Bofill,On and On
68.0,David Pomeranz,"Ask Me to Say ""I Do"" (And I Will)"
68.0,John Schneider,Fallin' In Love With Love
68.0,Kenny Rogers,Somebody Took My Love
68.0,Leslie Smith,It's Something
68.0,Ray Parker Jr. & Raydio,That Old Song
68.0,Rob Mehl,House on the Rock
68.0,Steely Dan,The Fez
68.0,The Parker Brothers,Make Believe
67.75,Average White Band,"For You, For Love"
67.75,Daft Punk,Fragments of Time
67.75,George Duke,Every Little Step I Take
67.75,The Joe Chemay Band,Bad Enough
67.5,Alessi,Put Away Your Love
67.5,DeBarge,Queen Of My Heart
67.5,Dwight Druick,Georgy Porgy
67.5,Lee Ritenour,Dreamwalkin' (Along with Me)
67.5,Yatte,She's In Love Again
67.25,Art Garfunkel,In A Little While (I'll Be On My Way)
67.25,Doobie Brothers,How Do the Fools Survive
67.25,Leon Ware and Janis Siegel,Why I Came to California
67.25,Orleans,Love Takes Time
67.25,Rapallo,Lion's Share
67.25,Roby Duke,Come Let Us Reason
67.25,Toto,Rockmaker
67.0,Debby Boone,Jamie
67.0,Larsen-Feiten Band,She's Not In Love
67.0,Ted Gärdestad (Gardestad),Back in The Business
67.0,Turley Richards,You Might Need Somebody
66.75,America,You Could Have Been The One
66.75,Bruce Sudano,True Love
66.75,Franke & The Knockouts,Come Rain or Shine
66.75,Fred Knobloch,A Bigger Fool
66.75,Marc Jordan,Red Desert
66.75,Melissa Manchester,Looking for the Perfect Ahh
66.75,Nielsen/Pearson,Sentimental
66.75,Pages,If I Saw You Again
66.75,Peter Gallway,State Street
66.75,Pierre,You Lied
66.75,Prince,My Love Is Forever
66.5,Ambrosia,How Can You Love Me
66.5,Amy Holland,(I Hang) On Your Every Word
66.5,Gary Wright,Close To You
66.5,Manhattan Transfer,On the Boulevard
66.5,Marlene with Seawind,Good Enough For You
66.5,Per-Erik Hallin,Gospel Train
66.5,The Dukes (Bugatti & Musker),Mystery Girl
66.25,Ayers Rock,On The Avenue
66.25,Doobie Brothers,Just In Time
66.25,Jimmy Webb,God's Gift
66.25,Player,Givin' It All
66.25,Pointer Sisters,The Love Too Good To Last
66.25,Steely Dan,Green Earrings
66.0,Average White Band,Our Time Has Come
66.0,Benny Hester,Step By Step
66.0,Margriet Eshuijs Band,Don’t Talk
66.0,Pablo Cruise,Don’t Want To Live Without It
66.0,Thundercat,Show You the Way
66.0,Yoshino Fujimal,You're The One
65.75,Boz Scaggs,Hollywood
65.75,Jeffrey Osborne,Stay With Me Tonight
65.75,Johnny Mathis,Simple
65.75,Michael Sembello,Cowboy
65.75,Stevie Woods,Steal The Night
65.5,Dane Donohue,Casablanca
65.5,Hal Bradbury,"You Win, I Lose"
65.5,Heat,Follow You Home
65.5,Jim Photoglo,Steal Away
65.25,Adrian Gurvitz,The Wonder of It All
65.25,David Roberts,Someone Like You
65.25,Jermaine Jackson,You Like Me Don't You
65.25,Sylvester,Thinking Right
65.0,Alan O'Day,People Who Talk to Themselves
65.0,Avalon,The Writing on the Wall
65.0,Donald Fagen,I.G.Y. (What a Beautiful World)
65.0,Franke & The Knockouts,Sweetheart
65.0,Lee Ritenour,Sunset Drivers
65.0,Linda Lewis,Don’t Let It Go
65.0,Marie & Cherie Currie,I Just Love The Feeling
65.0,Parachute,Baby You’re Just Like Me
64.75,Alain Chamfort,Let Me Try It Again
64.75,Bruce Roberts,Cool Fool
64.75,Christopher Cross,Spinning
64.75,David Roberts,Too Good To Last
64.75,Eric Tagg,In The Way
64.75,Joe English,First Love
64.75,Peter Allen,Tonight You Made My Day
64.75,Sea Level,Living In A Dream
64.75,Steely Dan,Caves of Altamira
64.75,Takako Mamiya,Love Trip
64.5,David Pack,She Don't (Come Around Anymore)
64.5,Malcolm McCallum,You Gotta Ride
64.5,Max Gronenthal,You
64.5,Nicolette Larson,Isn't It Always Love
64.5,Pages,Fearless
64.5,The Emotions,Now That I Know
64.25,Michael Gonzales,I Praise You
64.25,Sergio Mendes,Rainbow’s End
64.0,213,"Oh Me, Oh My"
64.0,Fred Knoblock,It’s Over
64.0,Merry Clayton,Emotion
64.0,Michael Jackson,Rock With You
64.0,Perry & Sanlin,With You
64.0,Rick Moranis,Downtown
64.0,White Heart,Walking In The Light
63.75,Bobby Caldwell,My Flame
63.75,Brenda Russell,Two Eyes
63.75,Donald Fagen,Tomorrow's Girls
63.75,Joey Travolta,Hurry Up And Wait
63.75,Maria Conchita Alonso,Amor de Madrugada
63.75,Nigel Olsson,A Little Bit of Soap
63.75,Robbie Dupree,Free Fallin
63.75,Sharon Cuneta,Love On Your Mind
63.75,The Faith Band,You're My Weakness
63.75,The Ritchie Family,Walk With Me
63.5,David Sanborn,Anything You Want
63.5,Jeffrey Osborne,The Other Side of The Coin
63.5,Makoto Matsushita,Lazy Night
63.5,Red Rider,Good News
63.5,Robert Chini,Doin’ It All For You
63.25,Christopher Cross,Words of Wisdom
63.25,Johnnie Taylor,I Got This Thing For Love
63.25,Lani Hall,Where's Your Angel
63.25,Madness A.K.A. Akasha,Madame Operator
63.25,Mary-Lu Zahalan,Daytime Nighttime
63.25,Ole Børud (Borud),Talk To My Lawyer
63.25,Pete Carlson,Run Inside
63.25,Young Gun Silver Fox,Kids
63.0,Boz Scaggs,A Clue
63.0,DeBarge,Stay With Me
63.0,Jimmy Messina,Money Alone
63.0,Kenny Loggins with Patti Austin,I've Got the Melody (Deep in my Heart)
63.0,Randy Crawford,We Had A Love So Strong
63.0,Steve Kipner,Knock the Walls Down
63.0,The Imperials,Stand By The Power
62.75,Aretha Franklin,What A Fool Believes
62.75,David Pack,My Baby
62.75,Jesse Colin Young,Fire On The Water
62.75,Lava Feat. Randy Crawford,You
62.75,Michael Sembello,Lay Back
62.75,Pointer Sisters,American Music
62.5,Al Jarreau,Wait A Little While
62.5,Billy Ocean,Whatever Turns You On
62.5,Bobby Caldwell,Sunny Hills
62.5,Bruce Hibbard,Never Turnin' Back
62.5,"Chunky, Novi & Ernie",Didn't Wanna Hurt Cha for Another Guy
62.5,Dane Donohue,Freedom
62.5,Dave Loggins,If I Had My Wish Tonight
62.5,Dayton,It Must Be Love
62.5,Dionne Warwick & Johnny Mathis,Got You Where I Want You
62.5,Frank Stallone,Moody Girl
62.5,Frankie Bleu,Just For You (Suzanne's Song)
62.5,Jakob Magnusson,Movies
62.5,Kim Carnes,Where Is Your Heart
62.5,Larry John McNally,Sleep On It
62.5,Lionel Richie,The Only One
62.5,Martin & Garp,Making Up
62.5,Michael Sembello,Cadillac
62.5,Rex Smith,Rock Me Slowly
62.5,Scott Gairdner,Trickin' It To The Treats
62.5,Sneaker,Did You Order One
62.25,Nayanka Bell,If You Came To Go
62.25,Pointer Sisters,Christmas In New York
62.125,Dionne Warwick,For You
62.0,Average White Band,Whatcha Gonna Do For Me
62.0,Bill Champlin,Take It Uptown
62.0,Chris Christian,Walnut Hill
62.0,Engelbert Humperdinck,You Look Good On Me
62.0,Greg Guidry,Gotta Have More Love
62.0,Hall & Oates,Kiss On My List
62.0,Larry Carlton,Where Did You Come From
62.0,Martin Nievera,Please Don't Throw My Love Away
62.0,Michael McDonald,No Lookin' Back
62.0,Orleans,Give In To It
62.0,Pablo Cruise,One More Night
62.0,Pieces,Magazine Lover
62.0,Troy Johnson,I Must Be Doing Something Right
61.75,Adrian Gurvitz,The Way I Feel
61.75,Anri,Stay By Me
61.75,Benny Sings,Nobody’s Fault
61.75,Goblin,Volo
61.75,Olav Stedje,Kjærleik
61.5,Charlie Fletcher,Icy Blue
61.5,Doobie Brothers,Losin' End
61.5,Frank Stallone,Love Is Like a Light
61.5,Michael Franks,Now That Your Joystick's Broke
61.5,Pleasure,Give It Up
61.5,Russ Taff,Tell Them
61.5,Shaun Cassidy,Lie To Me
61.5,Terence Boylan,Hey Papa
61.25,Bill Champlin,Love Is Forever
61.25,Doobie Brothers,You Never Change
61.25,Robbie Dupree,I'll Be the Fool Again
61.25,Stanley Clarke & George Duke,Sweet Baby
61.25,Steely Dan,Bad Sneakers
61.0,Bernie LaBarge,Stop the Game
61.0,"Earth, Wind & Fire",Wanna Be With You
61.0,Kevin Moore,I Intend To Love You
61.0,Lionel Richie,All Night Long (All Night)
61.0,Marilyn Scott,Only You
61.0,McGruff the Crime Dog,Alcohol
61.0,Pages,Two People
61.0,Patrick Simmons,Sue Sad
61.0,Prodigal,Easy Street
61.0,Robert Palmer,One Last Look
61.0,The Carpenters,(Want You) Back In My Life Again
61.0,Toto,Takin' It Back
61.0,Universal Togetherness Band,My Sentiment
60.75,Aretha Franklin,When You Love Me Like That
60.75,Christopher Cross,Poor Shirley
60.75,Helen Reddy,Handsome Dudes
60.75,Leon Ware,Can I Touch You There?
60.75,Paulinho Da Costa,Let’s Get Together
60.75,Pointer Sisters,Holdin' Out For Love
60.75,Sarah Dash,Leaving Again
60.75,Talc,Bobby Fame
60.75,Taste of Honey,Rescue Me
60.75,The Association,Small Town Lovers
60.75,The Doobie Brothers,Keep This Train a-Rollin'
60.75,Tycoon,Can't Take That Away
60.5,Boz Scaggs,What Can I Say
60.5,Chaseiro,Sentuhan
60.5,Chicago,Sonny Think Twice
60.5,Donna Summer,(If It) Hurts Just A Little
60.5,Doobie Brothers,Echoes of Love
60.5,Finis Henderson,Skip To My Lou
60.5,Jimmy Messina,We Got to Get Back
60.5,Johnny Mathis & Deniece Williams,Without Us
60.5,Ronnie Milsap,Where Do The Nights Go
60.5,Tycoon,Turn Out the Lights
60.25,Allman Brothers Band,Two Rights
60.25,Barbra Streisand and Barry Gibb,Guilty
60.25,Bernie LaBarge,Take This Part Of Me
60.25,Lou Rawls,Stop Me From Starting This Feeling
60.0,Ambrosia,How Much I Feel
60.0,Dave Valentin,I Got It Right This Time
60.0,Eric Tagg,Living Off The Love
60.0,Ian Thomas Band,Pilot
60.0,Kenny Loggins,It Must Be Imagination
60.0,Larsen-Feiten Band,Danger Zone
60.0,Lionel Richie,Love Will Conquer All
60.0,Nicolette Larson,Lotta Love
60.0,Nigel Olsson,If You Don’t Want Me To
60.0,The Joe Chemay Band,Proud
60.0,Zenit,Colours In My Head
59.75,Allman Brothers Band,Straight From The Heart
59.75,Boz Scaggs,Still Falling For You
59.75,Lisa Dal Bello,My Mind’s Made Up
59.75,Michael Franks,Jealousy
59.75,Philip Bailey,I Know
59.5,Average White Band,Love Gives Love Takes Away
59.5,Bill LaBounty,Nobody’s Fool
59.5,Donald Fagen,Century's End
59.5,Elton John,Give Me The Love
59.5,Jeffrey Osborne,Don't You Get So Mad
59.5,Michael Johnson,Sailing Without A Sail
59.5,Sneakers,Bellevue
59.5,Whitney Houston,Take Good Care of my Heart
59.25,Bill Medley,Heart and Soul
59.25,Bill Withers,Lovely Day
59.25,Crackin',On The Wing
59.25,Finis Henderson,Call Me
59.25,George Duke,Shine On
59.25,Jeff Lorber,It's a Fact
59.25,Jim Messina,Love Is Here
59.25,Marc Jordan,From Nowhere To This Town
59.25,Marcos Valle,Samba de Verao
59.25,Michael Jackson,P.Y.T. [Alternate] [Demo]
59.25,Ole Børud (Borud),Keep This World Alive
59.25,Patti Austin,"Oh No, Margarita"
59.25,Peabo Bryson,Give Me Your Love
59.25,Pointer Sisters,Heart to Heart
59.25,Steely Dan,Any World (That I'm Welcome To)
59.25,Thelma Houston,Standing In The Light
59.0,Al Jarreau,Moonlighting
59.0,Bobby Caldwell,To Know What You’ve Got
59.0,Boz Scaggs,Whatcha Gonna Tell Your Man
59.0,Dan Seals,Can't Get You Out Of My Mind
59.0,Dane Donohue,Whatever Happened
59.0,Diane Tell,Miami
59.0,Donald Fagen,New Frontier
59.0,O'Bryan,I'm In Love Again
59.0,Pages,Clearly Kim
59.0,Pointer Sisters,What A Surprise
59.0,Rex Smith,Don't Talk
59.0,Stephen Bishop,Save It for a Rainy Day
58.75,Bill LaBounty,I'm Hurtin'
58.75,David Crosby,She's Got To Be Somewhere
58.75,Maarit,Yhteen Kuulutaan (You Belong To Me)
58.75,PREP,As It Was
58.75,Rex Smith,Get It Right
58.75,Rui Veloso,Champanhe
58.75,The Blue Jean Committee,Catalina Breeze
58.5,Al Jarreau,Rainbow In Your Eyes
58.5,Arnold McCuller,Gringo
58.5,Billy Ocean,Rock-A-Bye Baby
58.5,Christopher Cross,Loving Strangers
58.5,"Earth, Wind & Fire",Can't Hide Love
58.5,El DeBarge,Someone
58.5,Gilles Rivard,Je Reviens
58.5,Greg Phillinganes,Signals
58.5,John Valenti,Stephanie
58.5,Kenan Salazar,Teenage Dirtbag
58.5,Lou Rawls & Desiree Goyette,Foolin' Around
58.5,Marc Jordan,Tattooed Lady
58.5,Michael Franks,All Dressed Up With Nowhere To Go
58.5,Paul Schreuder,Fly Away
58.5,Peabo Bryson,Don’t Play With Fire
58.5,Player,Baby Come Back
58.5,Sneakers,Skt Peders Engle
58.25,Airplay,She Waits for Me
58.25,Art Garfunkel,Sail On A Rainbow
58.25,Breakbot,One Out Of Two
58.25,Crackin',Don't You Wish You Could Be There?
58.25,Dave Loggins,One Way Ticket to Paradise
58.25,DeGarmo & Key,Jericho
58.25,Jon Stevens,(The One You Love Is) Here To Stay
58.25,Kenny Loggins,I Believe In Love
58.25,Kenny Rogers,"Two Hearts, One Love"
58.25,Kere Buchanan,Never Gonna Give You Up
58.25,Little Feat,Red Steamliner
58.25,Steely Dan,Gaucho
58.0,David Gates,Took The Last Train
58.0,David Pack,That Girl Is Gone
58.0,Junko Ohashi,I Love You So
58.0,Kenny Loggins,Wait a Little While
58.0,Lisa Whelchel,All Because of You
58.0,Pages,The Sailor's Song
58.0,Samuel Purdey,Valerie
58.0,Terence Boylan,Roll Your Own
57.75,Al Di Meola,I Can Tell
57.75,Christopher Cross,Someday
57.75,Kingo Hamada,Rainy Heart
57.75,Marty Butler,I Wasn't Gonna Fall in Love
57.75,Peter Allen,Fly Away
57.75,Quincy Jones w/ The Brothers Johnson,Is It Love That We're Missin'
57.75,Randy Goodrum,Savin' It Up
57.75,Robert Byrne,Pretend He's Me
57.5,Carole King,Lookin' Out For Number One
57.5,Jaye P. Morgan,Can't Hide Love
57.5,Little Feat,Gringo
57.5,Terence Boylan,Don't Hang Up Those Dancin' Shoes
57.25,Anne Murray,When I Can't Have You
57.25,Bobby Caldwell,Words
57.25,Dan Fogelberg,Power of Gold
57.25,Dane Donohue,High Life Dream
57.25,Dave Loggins,The Fool In Me
57.25,Future World Orchestra,Miracles
57.25,Kenny Loggins,If It's Not What You're Looking For
57.25,Manhattan Transfer,Spice of Life
57.25,Michel Polnareff,Radio
57.25,Mike Francis,Late Summer Night
57.25,Patrice Rushen,Breakout!
57.25,Stephen Bishop,Send A Little Love My Way
57.0,Al Jarreau,Thicke of the Night
57.0,DeBarge,Saving Up (All My Love)
57.0,Kenny Rogers,The Love We Share
57.0,Ned Doheny,Heartbreak In The Making
57.0,State Cows,New York Town
57.0,Susan Rabin,Listen To Your Dreams
56.75,Bob Welch,Don't Let Me Fail
56.75,Cilla Black,Surprise Surprise
56.75,"Earth, Wind & Fire",Back on the Road
56.75,Gino Vannelli,Living Inside Myself
56.75,Kenny Rogers,You're My Love
56.75,Rick Springfield,Don't Talk To Strangers
56.75,Ronnie Milsap,If You Don't Want Me
56.75,Sea Level,Uptown Downtown
56.75,The Isley Brothers,Baby Hold On
56.75,Toto,Good For You
56.75,Toto,I'll Be Over You
56.5,Aileen Quinn,Spread Some Love (Love Is All Around)
56.5,Airplay,Cryin’ All Night
56.5,Gilberto Gil,Palco
56.5,Jimmy Messina,New and Different Way
56.5,John Farey Group,Never Give Up
56.5,Lucio Battisti,Arrivederci a Questa Sera
56.5,Michael Franks,Your Secret's Safe With Me
56.5,Miki Matsubara,Calendrier
56.5,Powder Blue Tux,Container Zero
56.5,Teena Marie,Why Did I Fall In Love With You
56.5,The Dazz Band,Gamble With My Love
56.5,Toto,Hold the Line
56.25,Bill Labounty,Slow Fade
56.25,Christopher Cross,Arthur's Theme (Best That You Can Do)
56.25,Jay Gruska,Cancun
56.25,Joey Scarbury,Theme From The Greatest American Hero (Believe It or Not)
56.25,Narada Michael Walden,The Awakening
56.25,Steely Dan,I Can’t Write Home About You
56.25,Takako Mamiya,Tasogarewa Ginpakuno (Silver Leaf in the Twilight)
56.0,Amy Holland,So Sentimental
56.0,Christopher Cross,A Chance For Heaven (Swimming Theme)
56.0,Gimme A Break (Season 3),Nell Carter
56.0,Martine St-Clair,Ce Matin-là
56.0,Marty Butler,I’ll Cry Like A Man In Love
56.0,Max Gronenthal,Sailfish
56.0,Michael Johnson,There's a Love
56.0,Ned Doheny,What Cha' Gonna Do For Me
56.0,Pages,Listen for the Love
56.0,Paul Davis,Let Me Know If It's Over
56.0,Paul Hart,Peppermint Park
56.0,Steely Dan,Aja
56.0,Steely Dan,Any Major Dude Will Tell You
56.0,Stephen Sinclair,Meant to Be
56.0,The Itchyworms,Ayokong Tumanda
56.0,Tom Snow,I Think I Know Too Much
55.75,David Lasley,If I Had My Wish Tonight
55.75,Frank Sinatra,LA Is My Lady
55.75,Larry Wilcox,Me and My Love
55.75,Lisa Dal Bello,(Don’t Want To) Stand in Your Way
55.75,Rapallo,Play to Lose
55.75,Rene & Angela,Hotel California
55.75,Sergio Mendes,Never Gonna Let You Go
55.75,Sneaker,Don't Let Me In
55.75,The Sea World Orchestra,Doin' The Dolphin
55.5,Ace,How Long
55.5,Cheryl Lynn,Got To Be Real
55.5,Ed Motta,Flores da Vida Real
55.5,Gregg Allman Band,Cryin' Shame
55.5,Heat,Whatever It Is
55.5,Joseph Williams,Something Special
55.5,Lionel Richie,Round and Round
55.5,Luther Vandross,Bad Boy/Having A Party
55.5,Makoto Matsushita,Love Was Really Gone
55.5,Robbie Patton,Ready or Not
55.5,Sanford-Townsend Band,Nail Me to the Wall
55.5,Ted Gärdestad (Gardestad),Satellit
55.25,Marshall Tucker Band,Wait for You
55.25,Peter Allen,Angels with Dirty Faces
55.25,Steely Dan,Rikki Don't Lose That Number
55.0,Amy Holland,Here In the Light
55.0,Bread & Butter,Japanese Woman
55.0,Byrne & Barnes,I'll Try a Little Everyday For You
55.0,Carole Bayer Sager,Stronger Than Before
55.0,Chris Jasper,One Time Love
55.0,Dan Siegel,Great Expectations
55.0,Gino Vannelli,Nightwalker
55.0,Herb Alpert,I Get It From You
55.0,Orleans,Gotta Lotta Money (Big Deal)
55.0,Sherbet,You Made A Fool
55.0,Steve Perry,Foolish Heart
55.0,Zas,"Va Por Vos, Para Vos"
54.75,Brian Elliot,Room To Grow
54.75,Carole Bayer Sager,It’s The Falling In Love
54.75,Christopher Cross,Say You’ll Be Mine
54.75,Dave Mason w/ Michael Jackson,Save Me
54.75,Kool and the Gang,Too Hot
54.75,Luther Vandross,Never Too Much
54.75,Paulinho Da Costa,You Came Into My Life
54.75,Queen,Cool Cat
54.75,Richie Havens,Things Must Change
54.75,Steps,Your Burning Love
54.5,George Duke,Framed
54.5,Glen Campbell,Why Don't We Sleep On It Tonight
54.5,Pages,Let It Go
54.5,Paul Davis,Do You Believe In Love
54.5,Sarah Dash,City Boy
54.5,Smokey Robinson,Being With You
54.5,Stacy Lattisaw,It Was So Easy
54.5,Temptations,A Fine Mess
54.5,Tim & Eric,Rolo Tony
54.5,Tomoko Aran,Midnight Pretenders
54.25,Cecilio & Kapono,Climb the Line
54.25,Diana Ross,Love Will Make It Right
54.25,Eddie Rabbitt,Suspicions
54.25,Greaterkind,Rainy (feat. Lo Steele)
54.25,Hall & Oates,Time's Up (Alone Tonight)
54.25,Maxus,What You Give
54.25,Mayer Hawthorne,Back Seat Love
54.25,Minoru Koyama,Gentegie
54.25,Robson Jorge & Lincoln Olivetti,Squash
54.25,Sneakers,Gaden
54.25,Stephanie Mills,Sweet Sensation
54.25,Stephen Bishop,If Love Takes You Away
54.25,The Isley Brothers,It’s Alright With Me
54.0,Andrea Cheolas,Walk His Way
54.0,China Crisis,You Did Cut Me
54.0,David Crosby,Rodriguez For A Night
54.0,Kenny Loggins,Keep The Fire
54.0,Paul Anka,Darlin' Darlin'
54.0,Paul Davis,Cool Night
54.0,Pointer Sisters,Sweet Lover Man
54.0,Psychic Mirrors,Slow Motion Mary
54.0,The John Hall Band,The Touch
54.0,Young Gun Silver Fox,Mojo Rising
53.75,Boz Scaggs,Miss Sun
53.75,Dionne Warwick,Dedicate This Heart
53.75,Frank Weber,Take It To The Limit
53.75,Jackson Browne,Somebody’s Baby
53.75,Jakob Magnusson,Old Jack Magnet
53.75,James Sayer,Cherry
53.75,Kenny Loggins,No Lookin’ Back
53.75,Kleiton and Kledir,Nem Pensar
53.75,Lulu,"You Win, I Lose"
53.75,Ned Doheny,If You Only Knew
53.75,Toto,You Are the Flower
53.5,Alessi,You Got the Way
53.5,Balance,Hot Summer Nights
53.5,Heatwave,Find It In Your Heart
53.5,Karen Carpenter,If I Had You
53.5,Ole Børud (Borud),Make A Change
53.5,Takako Mamiya,All or Nothing
53.5,Tamarack,Carry My Blues Away
53.5,The Keane Brothers,Tryin’ To Kill A Saturday Night
53.5,Tony Sciuto,You've Got A License (To Drive Me Crazy)
53.25,Asian Blend,Maui Magic
53.25,Emm Gryner,Burn The Boats
53.25,Greg Phillinganes,Girl Talk
53.25,Imperials,Any Good Time At All
53.25,Larry Carlton,Nite Crawler
53.25,Michael McDonald,Everytime Christmas Comes Around
53.25,Rickie Lee Jones,The Real End
53.25,Toto,St. George and the Dragon
53.0,Ace,How Long
53.0,Boz Scaggs,Look What You've Done to Me
53.0,Captain & Tennille,You Never Done It Like That
53.0,Dionne Warwick & Jeffrey Osborne,Love Power
53.0,Evie Sands,Keep My Lovelight Burnin'
53.0,Gidi Gov,Nam Lo Nam
53.0,Heatwave,Gangsters of The Groove
53.0,Lulu,If I Were You
53.0,Rickie Lee Jones,Chuck E.'s In Love
53.0,Robert Kraft,I Wonder What You’re Like
53.0,Seawind,Can't Wait
53.0,Stimela,Walk Tall
53.0,Thunder,Santiago Midnight Moonlight
53.0,Toshiki Kadomatsu,Maybe It's Love Affair
52.75,Alan Sorrenti,Prima Donna
52.75,Bobby Caldwell,You Belong To Me
52.75,Christopher Cross,Minstrel Gigolo
52.75,"Chunky, Novi & Ernie",Can't Get Away From You
52.75,Doobie Brothers,Carry Me Away
52.75,Fred Parris & the Satins,Let Me Be The Last One
52.75,Kenny Loggins,Daddy’s Back
52.75,Lionel Richie,You Are
52.75,Maarit,Jäätelökesä
52.75,Maxus,Where Were You
52.75,Patrick Simmons,Why You Givin' Up
52.75,Sea Level,King Grand
52.75,Seals & Crofts,Stars
52.75,The Time,Gigolos Get Lonely Too
52.75,Valerie Carter,Ringing Doorbells in the Rain
52.75,Yacht Rocket,Boys of Winter
52.5,Christopher Cross,Every Turn of the World
52.5,Donald Fagen,Ms. Marlene
52.5,Norwegian Fords,I'll Be Dining Here Again
52.5,Pages,I Get It From You
52.5,Pieces Of A Dream,Fo-Fi-Fo
52.5,"Quincy Jones, Mark Ronson, Chaka Khan",Keep Reachin
52.5,Santiago,Berangére
52.5,Super Db,The Best In Me
52.5,Victoria Monét,Good Bye
52.25,Bill Champlin,Without You
52.25,Bliss Band,Rio
52.25,Bob James,"Angela (Theme From ""Taxi"")"
52.25,Dr. Hook,Sexy Eyes
52.25,Frank Weber,Complicated Times
52.25,Grimaldi/Zeiher,Sinbad
52.25,Randy Crawford,My Heart Is Not as Young as It Used to Be
52.25,Robert Kraft,Down In Flames
52.25,Sister Sledge,Dream On
52.0,Bill LaBounty,Mr. O
52.0,Boz Scaggs,Hard Times
52.0,Brice Street,Keepin' It Up
52.0,Donald Fagen,Security Joan
52.0,Jon Stevens,Jezebel
52.0,Junior Tucker,Take a Message (From My Body)
52.0,Keady & Vallins,It’s Alright
52.0,Kingo Hamada,Machi No Dorufin
52.0,Mild High Club,Dionysian State
52.0,Pearl & The Oysters,Side Quest
52.0,Pointer Sisters,Echoes of Love
52.0,Starbuck,Moonlight Feels Right
51.75,Captain & Tennille,Love Will Keep Us Together
51.75,"Earth, Wind & Fire",Turn It Into Something Good
51.75,Katsutoshi Morizono,Nothing Could Ever Change Your Mind
51.75,Larry Carlton,Minute By Minute
51.75,Little River Band,Reminiscing
51.75,Mylon LeFevre & Broken Heart,Child of the Father
51.75,Pablo Cruise,A Place In The Sun
51.62175,Warren G Feat. Nate Dogg,Regulate
51.5,Annika Albrite & Lotta Deez,Queen of Munchkinland
51.5,Dan Fogelberg,Missing You
51.5,"Earth, Wind & Fire",In The Stone
51.5,George Benson,Feel Like Making Love
51.5,Harvey Mason,Spell
51.5,James Taylor,Your Smiling Face
51.5,Julio Iglesias,Moonlight Lady
51.5,Miles Davis,Human Nature
51.5,Rufus & Chaka Khan,Heaven Bound
51.5,Sylvia,Snapshot
51.5,Valerie Carter,Trying To Get To Know You
51.25,Apo Hiking Society,When I Met You
51.25,Byrne & Barnes,One More Try For Love
51.25,Dionne Warwick,Deja Vu
51.25,Gino Vannelli,I Just Wanna Stop
51.25,Jess Roden,Brand New Start
51.25,Joseph Williams,Toughen Up
51.25,Neil Diamond,Heartlight
51.25,Switch,Tahiti Hut
51.0,Alan Gorrie,That Kinda Girl
51.0,Bill Champlin,Satisfaction
51.0,Carly Simon,It Keeps You Runnin'
51.0,Cheryl Lynn,Sleep Walkin’
51.0,Eye to Eye,Nice Girl
51.0,George Benson,Inside Love (So Personal)
51.0,George Benson,Love x Love
51.0,Gino Vannelli,The River Must Flow
51.0,Kenny Loggins,Loraine
51.0,Randy Crawford,Now We May Begin
51.0,Randy Crawford,Windsong
51.0,Sanford-Townsend Band,Starbrite
51.0,Terry V. Salyer,Gotta Love Somebody
51.0,Toshiki Kadomatsu,Rush Hour
51.0,Toto,Last Night
51.0,Whole Wheat,"Ice, Fire and Desire"
50.75,Average White Band,Help Is On The Way
50.75,Bronze,On the Clock
50.75,George Duke,Reach Out
50.75,Irene Cara,You Hurt Me Once
50.75,James Ingram,She Loves Me (The Best That I Can Be)
50.75,Joe Cocker,Come on In
50.75,Joey Albert,Points Of View
50.75,Larsen-Feiten Band,Over
50.75,Leon Ware,Don't Stay Away
50.75,Makoto Matsushita,First Light
50.75,Michael McDonald,Don't Let Me Down
50.75,Miki Matsubara,Binetsu Ga Heinetsu
50.75,Pages,Room At The Top
50.75,Pål Thowsen,I’ve Got The Melody
50.75,Starbuck,Fool In Line
50.75,Stevie Wonder & Dionne Warwick,It's You
50.75,Tatsuro Yamashita,Daydream
50.75,Troiano,We All Need Love
50.75,Westpoint,Joanie
50.5,Bertie Higgins,Port O’ Call
50.5,Finis Henderson,I’d Rather Be Gone
50.5,Herbie Hancock,Gettin' To The Good Part
50.5,Marc Jordan,Survival
50.5,Minnie Riperton,Island In the Sun
50.5,Peabo Bryson,Move Your Body
50.5,Robert Guillaume,Tonight It's My Party
50.5,Rupert Holmes,Him
50.5,Steely Dan,Everyone's Gone To The Movies
50.5,Steely Dan,Everything You Did
50.5,Tamir Grinberg,Into the Night (Old Score)
50.25,Ernie Watts,Chariots of Fire (Theme) (Slow Version)
50.25,Off Course,Kanashii Kurai
50.25,Philip Bailey & Phil Collins,Easy Lover (Old Score)
50.25,Pointer Sisters,Here Is Where Your Love Belongs
50.25,Pointer Sisters,I Feel For You
50.25,Randy Crawford,Don’t Come Knockin
50.25,Randy Crawford,Letter Full Of Tears
50.25,Stephen Bell-Booth,Love Came Down
50.25,Stephen Bishop,Sinking in an Ocean of Tears
50.0,Bleu McAuley & Joshua Kauffman,Song Of The Whales
50.0,Charlie Dore,Falling
50.0,Con Funk Shun,California 1
50.0,Debra Laws,Be Yourself
50.0,Eye To Eye,Falling For A Funny One
50.0,Fee Waybill,Caribbean Sunsets
50.0,Gino Vannelli,Appaloosa
50.0,Jakata,Golden Girl
50.0,JaR,Scene 29
50.0,Joe Cocker,So Good So Right
50.0,Kiki Dee,One Step
50.0,Lee Ritenour,If I'm Dreamin' (Don't Wake Me)
50.0,Logic System,Be Yourself
50.0,Marc Jordan,Lost Because You Can't Be Found
50.0,Miki Matsubara,Mayonaka no Door (Stay With Me)
50.0,Ned Doheny,To Prove My Love
50.0,Olivia Newton-John,Magic
50.0,Peter Criss,You Matter To Me
50.0,Rickie Lee Jones,Juke Box Fury
50.0,Young Gun Silver Fox,You Can Feel It
